Origem;Destino;Data Aplicação;Data Viagem;Canal Venda;Sugestão Revenue;Revenue Aplicado;Perc. de Diferença;Status Revenue;Indicador;Justificativa;Classe Serviço;Num. Serviço;Analista;Aproveitamento;Embarque;Pedágio;Arredondamento;Concatenar Origem e Destino;Estado
CAXAMBU (RODOVIARIA) - MG;SAO PAULO (TIETE) - SP;30/03/2026 09:43:47;30/03/2026 23:00:00;INTERNET;133.68;133.68;0.0;Aprovado;Igual;Aprovado;EXECUTIVO;70463;;0.0;6.9;3.64;Não;CAXAMBU (RODOVIARIA) - MG X SAO PAULO (TIETE) - SP;Novo
SAO LOURENCO (RODOVIARIA) - MG;SAO PAULO (TIETE) - SP;30/03/2026 09:43:47;30/03/2026 23:45:00;CLUBE GIRO;147.22;147.22;0.0;Aprovado;Igual;Aprovado;EXECUTIVO;70463;;0.0;9.51;3.64;Não;SAO LOURENCO (RODOVIARIA) - MG X SAO PAULO (TIETE) - SP;Novo
SAO LOURENCO (RODOVIARIA) - MG;SAO PAULO (TIETE) - SP;30/03/2026 09:43:47;30/03/2026 23:45:00;INTERNET;116.14;116.14;0.0;Aprovado;Igual;Aprovado;EXECUTIVO;70463;;0.0;9.51;3.64;Não;SAO LOURENCO (RODOVIARIA) - MG X SAO PAULO (TIETE) - SP;Novo
SAO LOURENCO (RODOVIARIA) - MG;SAO PAULO (TIETE) - SP;30/03/2026 09:43:47;30/03/2026 12:15:00;INTERNET;119.17;119.17;0.0;Aprovado;Igual;Aprovado;EXECUTIVO;70804;;0.0;9.51;3.64;Não;SAO LOURENCO (RODOVIARIA) - MG X SAO PAULO (TIETE) - SP;Novo
CAXAMBU (RODOVIARIA) - MG;SAO PAULO (TIETE) - SP;30/03/2026 09:43:47;30/03/2026 08:00:00;INTERNET;120.4;120.4;0.0;Aprovado;Igual;Aprovado;CONVENCIONAL;71722;;0.0;6.9;3.64;Não;CAXAMBU (RODOVIARIA) - MG X SAO PAULO (TIETE) - SP;Novo
CAXAMBU (RODOVIARIA) - MG;SAO PAULO (TIETE) - SP;30/03/2026 09:43:47;30/03/2026 08:00:00;INTERNET TERCEIRO;113.46;118.46;0.0422;Aprovado;Aumentou;Aprovado;CONVENCIONAL;71722;;0.0;6.9;3.64;Não;CAXAMBU (RODOVIARIA) - MG X SAO PAULO (TIETE) - SP;Novo
SAO LOURENCO (RODOVIARIA) - MG;SAO PAULO (TIETE) - SP;30/03/2026 09:43:47;30/03/2026 08:45:00;INTERNET;125.27;125.27;0.0;Aprovado;Igual;Aprovado;CONVENCIONAL;71724;;0.0;9.51;3.64;Não;SAO LOURENCO (RODOVIARIA) - MG X SAO PAULO (TIETE) - SP;Novo
SAO PAULO (TIETE) - SP;BELO HORIZONTE (RODOVIARIA) - MG;30/03/2026 09:43:47;30/03/2026 07:45:00;INTERNET TERCEIRO;153.22;153.22;0.0;Aprovado;Igual;Aprovado;SEMILEITO PREMIUM;78879;;0.0;12.56;3.18;Não;SAO PAULO (TIETE) - SP X BELO HORIZONTE (RODOVIARIA) - MG;Novo
SAO PAULO (TIETE) - SP;BELO HORIZONTE (RODOVIARIA) - MG;30/03/2026 09:43:47;30/03/2026 07:45:00;APLICATIVO WEMOBI;75.16;59.42;0.2649;Aprovado;Diminuiu;Aprovado;SEMILEITO PREMIUM;78879;;;12.56;3.18;Não;SAO PAULO (TIETE) - SP X BELO HORIZONTE (RODOVIARIA) - MG;Novo
FLORIANOPOLIS (RODOVIARIA) - SC;FOZ DO IGUACU (RODOVIARIA) - PR;30/03/2026 09:43:47;30/03/2026 18:00:00;INTERNET;208.13;208.13;0.0;Aprovado;Igual;Aprovado;SEMILTO. DD;36292;;0.04;8.99;18.26;Não;FLORIANOPOLIS (RODOVIARIA) - SC X FOZ DO IGUACU (RODOVIARIA) - PR;Novo
FLORIANOPOLIS (RODOVIARIA) - SC;FOZ DO IGUACU (RODOVIARIA) - PR;30/03/2026 09:43:47;30/03/2026 15:00:00;INTERNET;131.61;211.54;0.3778;Aprovado;Aumentou;Aprovado;SEMILTO. DD;36188;;0.0;8.99;18.26;Não;FLORIANOPOLIS (RODOVIARIA) - SC X FOZ DO IGUACU (RODOVIARIA) - PR;Novo
FLORIANOPOLIS (RODOVIARIA) - SC;CURITIBA (RODOVIARIA) - PR;30/03/2026 09:43:47;30/03/2026 23:58:00;INTERNET;57.46;57.46;0.0;Aprovado;Igual;Aprovado;SEMILTO. DD;34520;;0.0;8.99;2.77;Não;FLORIANOPOLIS (RODOVIARIA) - SC X CURITIBA (RODOVIARIA) - PR;Novo
SAO PAULO (TIETE) - SP;FRANCA (RODOVIARIA) - SP;30/03/2026 09:43:47;30/03/2026 10:30:00;PROPRIA;144.04;139.5;0.0325;Aprovado;Diminuiu;Aprovado;EXEC. DD;72354;;0.0;11.25;26.75;Não;SAO PAULO (TIETE) - SP X FRANCA (RODOVIARIA) - SP;Novo
SAO PAULO (TIETE) - SP;FRANCA (RODOVIARIA) - SP;30/03/2026 09:43:47;30/03/2026 19:30:00;INTERNET TERCEIRO;142.05;137.99;0.0294;Aprovado;Diminuiu;Aprovado;EXEC. DD;72360;;0.0;11.25;26.75;Não;SAO PAULO (TIETE) - SP X FRANCA (RODOVIARIA) - SP;Novo
SAO PAULO (TIETE) - SP;FRANCA (RODOVIARIA) - SP;30/03/2026 09:43:47;30/03/2026 23:59:00;INTERNET TERCEIRO;142.08;138.99;0.0222;Aprovado;Diminuiu;Aprovado;EXEC. DD;72362;;0.04;11.25;26.75;Não;SAO PAULO (TIETE) - SP X FRANCA (RODOVIARIA) - SP;Novo
FRANCA (RODOVIARIA) - SP;SAO PAULO (TIETE) - SP;30/03/2026 09:43:47;30/03/2026 23:59:00;INTERNET TERCEIRO;143.16;142.04;0.0079;Aprovado;Diminuiu;Aprovado;EXEC. DD;72321;;0.0;6.2;26.75;Não;FRANCA (RODOVIARIA) - SP X SAO PAULO (TIETE) - SP;Novo
SAO PAULO (TIETE) - SP;RIBEIRAO PRETO (RODOVIARIA) - SP;30/03/2026 09:43:47;30/03/2026 07:00:00;INTERNET TERCEIRO;154.11;149.43;0.0313;Aprovado;Diminuiu;Aprovado;EXEC. DD;75669;;0.0;11.25;21.82;Não;SAO PAULO (TIETE) - SP X RIBEIRAO PRETO (RODOVIARIA) - SP;Novo
RIBEIRAO PRETO (RODOVIARIA) - SP;SAO PAULO (TIETE) - SP;30/03/2026 09:43:47;30/03/2026 01:00:00;INTERNET;164.06;164.06;0.0;Aprovado;Igual;Aprovado;EXEC. DD;71765;;0.0;7.65;21.82;Não;RIBEIRAO PRETO (RODOVIARIA) - SP X SAO PAULO (TIETE) - SP;Novo
RIBEIRAO PRETO (RODOVIARIA) - SP;SAO PAULO (TIETE) - SP;30/03/2026 09:43:47;30/03/2026 01:00:00;INTERNET TERCEIRO;192.9;185.52;0.0398;Aprovado;Diminuiu;Aprovado;EXEC. DD;71765;;0.0;7.65;21.82;Não;RIBEIRAO PRETO (RODOVIARIA) - SP X SAO PAULO (TIETE) - SP;Novo
SAO PAULO (BARRA FUNDA) - SP;SAO JOSE DO RIO PRETO (RODOVIARIA) - SP;30/03/2026 09:43:47;30/03/2026 07:30:00;INTERNET TERCEIRO;157.7;157.7;0.0;Aprovado;Igual;Aprovado;EXEC GTV;73710;;0.0;11.25;28.67;Não;SAO PAULO (BARRA FUNDA) - SP X SAO JOSE DO RIO PRETO (RODOVIARIA) - SP;Novo
SAO PAULO (BARRA FUNDA) - SP;SAO JOSE DO RIO PRETO (RODOVIARIA) - SP;30/03/2026 09:43:47;30/03/2026 15:00:00;INTERNET TERCEIRO;157.3;157.3;0.0;Aprovado;Igual;Aprovado;EXEC GTV;70280;;0.0;11.25;28.67;Não;SAO PAULO (BARRA FUNDA) - SP X SAO JOSE DO RIO PRETO (RODOVIARIA) - SP;Novo
SAO PAULO (BARRA FUNDA) - SP;SAO JOSE DO RIO PRETO (RODOVIARIA) - SP;30/03/2026 09:43:47;30/03/2026 23:59:00;INTERNET TERCEIRO;156.79;156.79;0.0;Aprovado;Igual;Aprovado;EXEC GTV;78660;;0.0;11.25;28.67;Não;SAO PAULO (BARRA FUNDA) - SP X SAO JOSE DO RIO PRETO (RODOVIARIA) - SP;Novo
SAO JOSE DO RIO PRETO (RODOVIARIA) - SP;SAO PAULO (BARRA FUNDA) - SP;30/03/2026 09:43:47;30/03/2026 08:00:00;INTERNET TERCEIRO;162.88;162.88;0.0;Aprovado;Igual;Aprovado;EXEC GTV;70284;;0.02;6.56;28.67;Não;SAO JOSE DO RIO PRETO (RODOVIARIA) - SP X SAO PAULO (BARRA FUNDA) - SP;Novo
SAO JOSE DO RIO PRETO (RODOVIARIA) - SP;SAO PAULO (BARRA FUNDA) - SP;30/03/2026 09:43:47;30/03/2026 23:00:00;INTERNET TERCEIRO;158.18;158.18;0.0;Aprovado;Igual;Aprovado;EXEC GTV;73735;;0.0;6.56;28.67;Não;SAO JOSE DO RIO PRETO (RODOVIARIA) - SP X SAO PAULO (BARRA FUNDA) - SP;Novo
SAO JOSE DO RIO PRETO (RODOVIARIA) - SP;SAO PAULO (BARRA FUNDA) - SP;30/03/2026 09:43:47;30/03/2026 23:59:00;INTERNET TERCEIRO;135.01;135.01;0.0;Aprovado;Igual;Aprovado;EXEC GTV;73737;;0.0;6.56;28.67;Não;SAO JOSE DO RIO PRETO (RODOVIARIA) - SP X SAO PAULO (BARRA FUNDA) - SP;Novo
SAO PAULO (TIETE) - SP;BELO HORIZONTE (RODOVIARIA) - MG;30/03/2026 09:43:47;30/03/2026 09:00:00;INTERNET;97.07;81.33;0.1935;Aprovado;Diminuiu;Aprovado;SEMILEITO PREMIUM;78069;;;12.56;3.18;Não;SAO PAULO (TIETE) - SP X BELO HORIZONTE (RODOVIARIA) - MG;Novo
SAO PAULO (TIETE) - SP;SAO LOURENCO (RODOVIARIA) - MG;30/03/2026 09:43:47;30/03/2026 12:15:00;INTERNET TERCEIRO;138.64;138.64;0.0;Aprovado;Igual;Aprovado;EXECUTIVO;75450;;0.08;12.56;3.64;Não;SAO PAULO (TIETE) - SP X SAO LOURENCO (RODOVIARIA) - MG;Novo
SAO PAULO (TIETE) - SP;CAXAMBU (RODOVIARIA) - MG;30/03/2026 09:43:47;30/03/2026 23:30:00;INTERNET TERCEIRO;138.63;138.63;0.0;Aprovado;Igual;Aprovado;CONVENCIONAL;70803;;0.06;12.56;3.64;Não;SAO PAULO (TIETE) - SP X CAXAMBU (RODOVIARIA) - MG;Novo
SAO LOURENCO (RODOVIARIA) - MG;SAO PAULO (TIETE) - SP;30/03/2026 09:43:47;30/03/2026 12:15:00;INTERNET TERCEIRO;140.75;140.75;0.0;Aprovado;Igual;Aprovado;EXECUTIVO;70804;;0.04;9.51;3.64;Não;SAO LOURENCO (RODOVIARIA) - MG X SAO PAULO (TIETE) - SP;Novo
SAO LOURENCO (RODOVIARIA) - MG;SAO PAULO (TIETE) - SP;30/03/2026 09:43:47;30/03/2026 08:45:00;INTERNET TERCEIRO;136.29;136.29;0.0;Aprovado;Igual;Aprovado;CONVENCIONAL;71724;;0.0;9.51;3.64;Não;SAO LOURENCO (RODOVIARIA) - MG X SAO PAULO (TIETE) - SP;Novo
SAO PAULO (TIETE) - SP;BELO HORIZONTE (RODOVIARIA) - MG;30/03/2026 09:43:47;30/03/2026 09:00:00;UTP WEMOBI;225.38;209.64;0.0751;Aprovado;Diminuiu;Aprovado;CAMA;78070;;;12.56;3.18;Não;SAO PAULO (TIETE) - SP X BELO HORIZONTE (RODOVIARIA) - MG;Novo
CURITIBA (RODOVIARIA) - PR;FLORIANOPOLIS (RODOVIARIA) - SC;30/03/2026 09:43:47;30/03/2026 23:45:00;INTERNET;78.02;66.87;0.1667;Aprovado;Diminuiu;Aprovado;SEMILTO. DD;34512;;;8.38;2.77;Não;CURITIBA (RODOVIARIA) - PR X FLORIANOPOLIS (RODOVIARIA) - SC;Novo
CUBATAO (RODOVIARIA) - SP;BELO HORIZONTE (RODOVIARIA) - MG;30/03/2026 09:43:47;30/03/2026 08:00:00;INTERNET;153.36;144.33;0.0626;Aprovado;Diminuiu;Aprovado;SEMILEITO PREMIUM;78073;;;5.85;3.18;Não;CUBATAO (RODOVIARIA) - SP X BELO HORIZONTE (RODOVIARIA) - MG;Novo
SAO PAULO (TIETE) - SP;VOLTA REDONDA (RODOVIARIA) - RJ;30/03/2026 09:43:47;30/03/2026 06:45:00;INTERNET;101.37;96.37;0.0519;Aprovado;Diminuiu;Aprovado;EXECUTIVO;71690;;0.0;12.56;5.19;Não;SAO PAULO (TIETE) - SP X VOLTA REDONDA (RODOVIARIA) - RJ;Novo
SAO PAULO (TIETE) - SP;VOLTA REDONDA (RODOVIARIA) - RJ;30/03/2026 09:43:47;30/03/2026 23:59:00;CLUBE GIRO;31.96;108.56;0.7056;Aprovado;Aumentou;Aprovado;SEMILEITO PREMIUM;77047;;0.0;12.56;5.89;Não;SAO PAULO (TIETE) - SP X VOLTA REDONDA (RODOVIARIA) - RJ;Novo
SAO PAULO (TIETE) - SP;CURITIBA (RODOVIARIA) - PR;30/03/2026 09:43:47;30/03/2026 00:20:00;INTERNET;93.83;93.83;0.0;Aprovado;Igual;Aprovado;SEMILEITO PREMIUM;70145;;0.06;12.56;3.13;Não;SAO PAULO (TIETE) - SP X CURITIBA (RODOVIARIA) - PR;Novo
SAO PAULO (TIETE) - SP;CURITIBA (RODOVIARIA) - PR;30/03/2026 09:43:47;30/03/2026 00:20:00;INTERNET TERCEIRO;84.92;84.92;0.0;Aprovado;Igual;Aprovado;SEMILEITO PREMIUM;70145;;0.06;12.56;3.13;Não;SAO PAULO (TIETE) - SP X CURITIBA (RODOVIARIA) - PR;Novo
SAO PAULO (TIETE) - SP;CURITIBA (RODOVIARIA) - PR;30/03/2026 09:43:47;30/03/2026 07:30:00;INTERNET;99.01;90.3;0.0965;Aprovado;Diminuiu;Aprovado;SEMILEITO PREMIUM;70141;;0.04;12.56;3.13;Não;SAO PAULO (TIETE) - SP X CURITIBA (RODOVIARIA) - PR;Novo
SAO PAULO (TIETE) - SP;CURITIBA (RODOVIARIA) - PR;30/03/2026 09:43:47;30/03/2026 07:30:00;INTERNET TERCEIRO;84.75;85.54;0.0092;Aprovado;Aumentou;Aprovado;SEMILEITO PREMIUM;70141;;0.04;12.56;3.13;Não;SAO PAULO (TIETE) - SP X CURITIBA (RODOVIARIA) - PR;Novo
SAO PAULO (TIETE) - SP;CURITIBA (RODOVIARIA) - PR;30/03/2026 09:43:47;30/03/2026 09:00:00;INTERNET TERCEIRO;85.73;85.73;0.0;Aprovado;Igual;Aprovado;EXEC. DD;78120;;0.0;12.56;2.49;Não;SAO PAULO (TIETE) - SP X CURITIBA (RODOVIARIA) - PR;Novo
SAO PAULO (TIETE) - SP;CURITIBA (RODOVIARIA) - PR;30/03/2026 09:43:47;30/03/2026 09:00:00;INTERNET TERCEIRO;85.47;85.47;0.0;Aprovado;Igual;Aprovado;SEMILTO. DD;78121;;0.0;12.56;2.49;Não;SAO PAULO (TIETE) - SP X CURITIBA (RODOVIARIA) - PR;Novo
SAO PAULO (TIETE) - SP;CURITIBA (RODOVIARIA) - PR;30/03/2026 09:43:47;30/03/2026 09:29:00;INTERNET;96.94;96.94;0.0;Aprovado;Igual;Aprovado;SEMILEITO PREMIUM;73242;;0.0;12.56;3.13;Não;SAO PAULO (TIETE) - SP X CURITIBA (RODOVIARIA) - PR;Novo
SAO PAULO (TIETE) - SP;CURITIBA (RODOVIARIA) - PR;30/03/2026 09:43:47;30/03/2026 09:29:00;INTERNET TERCEIRO;91.88;91.88;0.0;Aprovado;Igual;Aprovado;SEMILEITO PREMIUM;73242;;0.0;12.56;3.13;Não;SAO PAULO (TIETE) - SP X CURITIBA (RODOVIARIA) - PR;Novo
SAO PAULO (TIETE) - SP;CURITIBA (RODOVIARIA) - PR;30/03/2026 09:43:47;30/03/2026 11:00:00;INTERNET;95.03;95.03;0.0;Aprovado;Igual;Aprovado;SEMILEITO PREMIUM;78148;;0.0;12.56;3.13;Não;SAO PAULO (TIETE) - SP X CURITIBA (RODOVIARIA) - PR;Novo
SAO PAULO (TIETE) - SP;CURITIBA (RODOVIARIA) - PR;30/03/2026 09:43:47;30/03/2026 11:00:00;INTERNET TERCEIRO;85.1;85.1;0.0;Aprovado;Igual;Aprovado;SEMILEITO PREMIUM;78148;;0.0;12.56;3.13;Não;SAO PAULO (TIETE) - SP X CURITIBA (RODOVIARIA) - PR;Novo
SAO PAULO (TIETE) - SP;CURITIBA (RODOVIARIA) - PR;30/03/2026 09:43:47;30/03/2026 12:30:00;INTERNET TERCEIRO;85.01;85.01;0.0;Aprovado;Igual;Aprovado;EXECUTIVO;75814;;0.0;12.56;2.76;Não;SAO PAULO (TIETE) - SP X CURITIBA (RODOVIARIA) - PR;Novo
SAO PAULO (TIETE) - SP;CURITIBA (RODOVIARIA) - PR;30/03/2026 09:43:47;30/03/2026 14:00:00;INTERNET TERCEIRO;84.65;84.65;0.0;Aprovado;Igual;Aprovado;SEMILEITO PREMIUM;76336;;0.0;12.56;3.13;Não;SAO PAULO (TIETE) - SP X CURITIBA (RODOVIARIA) - PR;Novo
SAO PAULO (TIETE) - SP;CURITIBA (RODOVIARIA) - PR;30/03/2026 09:43:47;30/03/2026 16:00:00;INTERNET;95.24;95.24;0.0;Aprovado;Igual;Aprovado;SEMILEITO PREMIUM;78140;;0.0;12.56;3.13;Não;SAO PAULO (TIETE) - SP X CURITIBA (RODOVIARIA) - PR;Novo
SAO PAULO (TIETE) - SP;CURITIBA (RODOVIARIA) - PR;30/03/2026 09:43:47;30/03/2026 16:00:00;INTERNET TERCEIRO;84.65;84.65;0.0;Aprovado;Igual;Aprovado;SEMILEITO PREMIUM;78140;;0.0;12.56;3.13;Não;SAO PAULO (TIETE) - SP X CURITIBA (RODOVIARIA) - PR;Novo
SAO PAULO (TIETE) - SP;CURITIBA (RODOVIARIA) - PR;30/03/2026 09:43:47;30/03/2026 18:00:00;INTERNET TERCEIRO;92.71;92.71;0.0;Aprovado;Igual;Aprovado;EXEC. DD;78122;;0.0;12.56;2.49;Não;SAO PAULO (TIETE) - SP X CURITIBA (RODOVIARIA) - PR;Novo
SAO PAULO (TIETE) - SP;CURITIBA (RODOVIARIA) - PR;30/03/2026 09:43:47;30/03/2026 18:00:00;INTERNET;84.37;84.37;0.0;Aprovado;Igual;Aprovado;SEMILTO. DD;78123;;0.0;12.56;2.49;Não;SAO PAULO (TIETE) - SP X CURITIBA (RODOVIARIA) - PR;Novo
SAO PAULO (TIETE) - SP;CURITIBA (RODOVIARIA) - PR;30/03/2026 09:43:47;30/03/2026 18:00:00;INTERNET TERCEIRO;85.1;85.1;0.0;Aprovado;Igual;Aprovado;SEMILTO. DD;78123;;0.0;12.56;2.49;Não;SAO PAULO (TIETE) - SP X CURITIBA (RODOVIARIA) - PR;Novo
SAO PAULO (TIETE) - SP;CURITIBA (RODOVIARIA) - PR;30/03/2026 09:43:47;30/03/2026 22:00:00;INTERNET;94.61;94.61;0.0;Aprovado;Igual;Aprovado;SEMILEITO PREMIUM;76766;;0.02;12.56;3.13;Não;SAO PAULO (TIETE) - SP X CURITIBA (RODOVIARIA) - PR;Novo
SAO PAULO (TIETE) - SP;CURITIBA (RODOVIARIA) - PR;30/03/2026 09:43:47;30/03/2026 22:00:00;INTERNET TERCEIRO;84.33;84.33;0.0;Aprovado;Igual;Aprovado;SEMILEITO PREMIUM;76766;;0.02;12.56;3.13;Não;SAO PAULO (TIETE) - SP X CURITIBA (RODOVIARIA) - PR;Novo
SAO PAULO (TIETE) - SP;CURITIBA (RODOVIARIA) - PR;30/03/2026 09:43:47;30/03/2026 23:35:00;INTERNET;93.82;93.82;0.0;Aprovado;Igual;Aprovado;SEMILEITO PREMIUM;78114;;0.0;12.56;3.13;Não;SAO PAULO (TIETE) - SP X CURITIBA (RODOVIARIA) - PR;Novo
SAO PAULO (TIETE) - SP;CURITIBA (RODOVIARIA) - PR;30/03/2026 09:43:47;30/03/2026 23:35:00;INTERNET TERCEIRO;84.65;84.65;0.0;Aprovado;Igual;Aprovado;SEMILEITO PREMIUM;78114;;0.0;12.56;3.13;Não;SAO PAULO (TIETE) - SP X CURITIBA (RODOVIARIA) - PR;Novo
SAO PAULO (TIETE) - SP;CURITIBA (RODOVIARIA) - PR;30/03/2026 09:43:47;30/03/2026 23:59:00;INTERNET;94.15;94.15;0.0;Aprovado;Igual;Aprovado;SEMILEITO PREMIUM;70137;;0.0;12.56;3.13;Não;SAO PAULO (TIETE) - SP X CURITIBA (RODOVIARIA) - PR;Novo
SAO PAULO (TIETE) - SP;CURITIBA (RODOVIARIA) - PR;30/03/2026 09:43:47;30/03/2026 23:59:00;INTERNET TERCEIRO;85.97;85.97;0.0;Aprovado;Igual;Aprovado;SEMILEITO PREMIUM;70137;;0.0;12.56;3.13;Não;SAO PAULO (TIETE) - SP X CURITIBA (RODOVIARIA) - PR;Novo
VOLTA REDONDA (RODOVIARIA) - RJ;SAO PAULO (TIETE) - SP;30/03/2026 09:43:47;30/03/2026 23:59:00;INTERNET TERCEIRO;170.19;190.86;0.1083;Aprovado;Aumentou;Aprovado;CAMA;76785;;0.12;2.81;5.89;Não;VOLTA REDONDA (RODOVIARIA) - RJ X SAO PAULO (TIETE) - SP;Novo
SAO PAULO (TIETE) - SP;JUIZ DE FORA (RODOVIARIA) - MG;30/03/2026 09:43:47;30/03/2026 22:50:00;INTERNET TERCEIRO;187.7;187.7;0.0;Aprovado;Igual;Aprovado;SEMILEITO PREMIUM;76305;;0.08;12.56;10.02;Não;SAO PAULO (TIETE) - SP X JUIZ DE FORA (RODOVIARIA) - MG;Novo
SAO PAULO (TIETE) - SP;JUIZ DE FORA (RODOVIARIA) - MG;30/03/2026 09:43:47;30/03/2026 08:00:00;INTERNET;115.22;169.47;0.3201;Aprovado;Aumentou;Aprovado;SEMILEITO PREMIUM;76303;;0.06;12.56;10.02;Não;SAO PAULO (TIETE) - SP X JUIZ DE FORA (RODOVIARIA) - MG;Novo
SAO PAULO (TIETE) - SP;JUIZ DE FORA (RODOVIARIA) - MG;30/03/2026 09:43:47;30/03/2026 08:00:00;INTERNET TERCEIRO;167.4;172.4;0.029;Aprovado;Aumentou;Aprovado;SEMILEITO PREMIUM;76303;;0.06;12.56;10.02;Não;SAO PAULO (TIETE) - SP X JUIZ DE FORA (RODOVIARIA) - MG;Novo
SAO PAULO (TIETE) - SP;TRES RIOS (RODOVIARIA) - RJ;30/03/2026 09:43:47;30/03/2026 08:00:00;INTERNET TERCEIRO;160.21;160.21;0.0;Aprovado;Igual;Aprovado;SEMILEITO PREMIUM;76303;;0.06;12.56;7.47;Não;SAO PAULO (TIETE) - SP X TRES RIOS (RODOVIARIA) - RJ;Novo
SAO PAULO (TIETE) - SP;JUIZ DE FORA (RODOVIARIA) - MG;30/03/2026 09:43:47;30/03/2026 16:10:00;CLUBE GIRO;116.85;164.71;0.2906;Aprovado;Aumentou;Aprovado;SEMILEITO PREMIUM;77989;;0.0;12.56;10.02;Não;SAO PAULO (TIETE) - SP X JUIZ DE FORA (RODOVIARIA) - MG;Novo
SAO PAULO (TIETE) - SP;JUIZ DE FORA (RODOVIARIA) - MG;30/03/2026 09:43:47;30/03/2026 16:10:00;INTERNET;113.9;165.73;0.3127;Aprovado;Aumentou;Aprovado;SEMILEITO PREMIUM;77989;;0.0;12.56;10.02;Não;SAO PAULO (TIETE) - SP X JUIZ DE FORA (RODOVIARIA) - MG;Novo
SAO PAULO (TIETE) - SP;JUIZ DE FORA (RODOVIARIA) - MG;30/03/2026 09:43:47;30/03/2026 16:10:00;INTERNET TERCEIRO;167.69;167.69;0.0;Aprovado;Igual;Aprovado;SEMILEITO PREMIUM;77989;;0.0;12.56;10.02;Não;SAO PAULO (TIETE) - SP X JUIZ DE FORA (RODOVIARIA) - MG;Novo
SAO PAULO (TIETE) - SP;JUIZ DE FORA (RODOVIARIA) - MG;30/03/2026 09:43:47;30/03/2026 16:10:00;APLICATIVO WEMOBI;129.03;163.79;0.2122;Aprovado;Aumentou;Aprovado;SEMILEITO PREMIUM;77989;;0.0;12.56;10.02;Não;SAO PAULO (TIETE) - SP X JUIZ DE FORA (RODOVIARIA) - MG;Novo
SAO PAULO (TIETE) - SP;TRES RIOS (RODOVIARIA) - RJ;30/03/2026 09:43:47;30/03/2026 16:10:00;INTERNET TERCEIRO;160.23;160.23;0.0;Aprovado;Igual;Aprovado;SEMILEITO PREMIUM;77989;;0.0;12.56;7.47;Não;SAO PAULO (TIETE) - SP X TRES RIOS (RODOVIARIA) - RJ;Novo
SAO PAULO (TIETE) - SP;SAO LOURENCO (RODOVIARIA) - MG;30/03/2026 09:43:47;30/03/2026 08:00:00;INTERNET TERCEIRO;143.76;148.76;0.0336;Aprovado;Aumentou;Aprovado;EXECUTIVO;70580;;0.02;12.56;3.64;Não;SAO PAULO (TIETE) - SP X SAO LOURENCO (RODOVIARIA) - MG;Novo
CAMPINAS (RODOVIARIA) - SP;BELO HORIZONTE (RODOVIARIA) - MG;30/03/2026 09:43:47;30/03/2026 09:15:00;CLUBE GIRO;149.67;149.67;0.0;Aprovado;Igual;Aprovado;SEMILEITO PREMIUM;73540;;0.06;10.9;5.94;Não;CAMPINAS (RODOVIARIA) - SP X BELO HORIZONTE (RODOVIARIA) - MG;Novo
CAMPINAS (RODOVIARIA) - SP;BELO HORIZONTE (RODOVIARIA) - MG;30/03/2026 09:43:47;30/03/2026 09:15:00;INTERNET;195.95;195.95;0.0;Aprovado;Igual;Aprovado;SEMILEITO PREMIUM;73540;;0.06;10.9;5.94;Não;CAMPINAS (RODOVIARIA) - SP X BELO HORIZONTE (RODOVIARIA) - MG;Novo
CAMPINAS (RODOVIARIA) - SP;BELO HORIZONTE (RODOVIARIA) - MG;30/03/2026 09:43:47;30/03/2026 09:15:00;INTERNET TERCEIRO;208.03;208.03;0.0;Aprovado;Igual;Aprovado;SEMILEITO PREMIUM;73540;;0.06;10.9;5.94;Não;CAMPINAS (RODOVIARIA) - SP X BELO HORIZONTE (RODOVIARIA) - MG;Novo
SAO PAULO (TIETE) - SP;FLORIANOPOLIS (RODOVIARIA) - SC;30/03/2026 09:43:47;30/03/2026 09:15:00;INTERNET;202.72;184.26;0.1002;Aprovado;Diminuiu;Aprovado;SEMILTO. DD;36322;;;12.56;5.9;Não;SAO PAULO (TIETE) - SP X FLORIANOPOLIS (RODOVIARIA) - SC;Novo
SAO PAULO (TIETE) - SP;FLORIANOPOLIS (RODOVIARIA) - SC;30/03/2026 09:43:47;30/03/2026 11:30:00;INTERNET;202.55;184.09;0.1003;Aprovado;Diminuiu;Aprovado;SEMILTO. DD;36312;;;12.56;5.9;Não;SAO PAULO (TIETE) - SP X FLORIANOPOLIS (RODOVIARIA) - SC;Novo
SAO PAULO (TIETE) - SP;FLORIANOPOLIS (RODOVIARIA) - SC;30/03/2026 09:43:47;30/03/2026 18:50:00;INTERNET;200.38;181.92;0.1015;Aprovado;Diminuiu;Aprovado;SEMILTO. DD;30188;;;12.56;5.9;Não;SAO PAULO (TIETE) - SP X FLORIANOPOLIS (RODOVIARIA) - SC;Novo
SAO PAULO (TIETE) - SP;FLORIANOPOLIS (RODOVIARIA) - SC;30/03/2026 09:43:47;30/03/2026 20:00:00;INTERNET;199.73;181.27;0.1018;Aprovado;Diminuiu;Aprovado;SEMILTO. DD;34982;;;12.56;5.9;Não;SAO PAULO (TIETE) - SP X FLORIANOPOLIS (RODOVIARIA) - SC;Novo
SAO PAULO (TIETE) - SP;FLORIANOPOLIS (RODOVIARIA) - SC;30/03/2026 09:43:47;30/03/2026 21:15:00;INTERNET;200.24;181.78;0.1016;Aprovado;Diminuiu;Aprovado;SEMILTO. DD;36150;;;12.56;5.9;Não;SAO PAULO (TIETE) - SP X FLORIANOPOLIS (RODOVIARIA) - SC;Novo
SAO PAULO (TIETE) - SP;FLORIANOPOLIS (RODOVIARIA) - SC;30/03/2026 09:43:47;30/03/2026 22:30:00;INTERNET;198.65;180.19;0.1024;Aprovado;Diminuiu;Aprovado;SEMILTO. DD;30096;;;12.56;5.9;Não;SAO PAULO (TIETE) - SP X FLORIANOPOLIS (RODOVIARIA) - SC;Novo
FLORIANOPOLIS (RODOVIARIA) - SC;SAO PAULO (TIETE) - SP;30/03/2026 09:43:47;30/03/2026 08:45:00;INTERNET;205.15;189.77;0.081;Aprovado;Diminuiu;Aprovado;SEMILTO. DD;31855;;;9.48;5.9;Não;FLORIANOPOLIS (RODOVIARIA) - SC X SAO PAULO (TIETE) - SP;Novo
FLORIANOPOLIS (RODOVIARIA) - SC;SAO PAULO (TIETE) - SP;30/03/2026 09:43:47;30/03/2026 15:45:00;INTERNET;203.48;188.1;0.0818;Aprovado;Diminuiu;Aprovado;SEMILTO. DD;30088;;;9.48;5.9;Não;FLORIANOPOLIS (RODOVIARIA) - SC X SAO PAULO (TIETE) - SP;Novo
FLORIANOPOLIS (RODOVIARIA) - SC;SAO PAULO (TIETE) - SP;30/03/2026 09:43:47;30/03/2026 18:25:00;INTERNET;201.99;186.61;0.0824;Aprovado;Diminuiu;Aprovado;SEMILTO. DD;30186;;;9.48;5.9;Não;FLORIANOPOLIS (RODOVIARIA) - SC X SAO PAULO (TIETE) - SP;Novo
FLORIANOPOLIS (RODOVIARIA) - SC;SAO PAULO (TIETE) - SP;30/03/2026 09:43:47;30/03/2026 21:00:00;INTERNET;201.95;186.57;0.0824;Aprovado;Diminuiu;Aprovado;SEMILTO. DD;36314;;;9.48;5.9;Não;FLORIANOPOLIS (RODOVIARIA) - SC X SAO PAULO (TIETE) - SP;Novo
FLORIANOPOLIS (RODOVIARIA) - SC;SAO PAULO (TIETE) - SP;30/03/2026 09:43:47;30/03/2026 22:15:00;INTERNET;202.64;187.26;0.0821;Aprovado;Diminuiu;Aprovado;SEMILTO. DD;30648;;;9.48;5.9;Não;FLORIANOPOLIS (RODOVIARIA) - SC X SAO PAULO (TIETE) - SP;Novo
BARRA MANSA (RODOVIARIA) - RJ;SAO PAULO (TIETE) - SP;30/03/2026 09:43:47;30/03/2026 00:19:00;INTERNET TERCEIRO;177.84;182.84;0.0274;Aprovado;Aumentou;Aprovado;CAMA;76785;;0.62;4.55;5.89;Não;BARRA MANSA (RODOVIARIA) - RJ X SAO PAULO (TIETE) - SP;Novo
RESENDE (RODOVIARIA) - RJ;SAO PAULO (TIETE) - SP;30/03/2026 09:43:47;30/03/2026 00:59:00;APLICATIVO WEMOBI;141.59;195.91;0.2773;Aprovado;Aumentou;Aprovado;CAMA;76785;;0.62;0.0;5.89;Não;RESENDE (RODOVIARIA) - RJ X SAO PAULO (TIETE) - SP;Novo
RESENDE (RODOVIARIA) - RJ;SAO PAULO (TIETE) - SP;30/03/2026 09:43:47;30/03/2026 00:59:00;INTERNET TERCEIRO;182.22;209.64;0.1308;Aprovado;Aumentou;Aprovado;CAMA;76785;;0.62;0.0;5.89;Não;RESENDE (RODOVIARIA) - RJ X SAO PAULO (TIETE) - SP;Novo
CURITIBA (RODOVIARIA) - PR;FLORIANOPOLIS (RODOVIARIA) - SC;30/03/2026 09:43:47;30/03/2026 06:00:00;INTERNET;80.09;80.09;0.0;Aprovado;Igual;Aprovado;SEMILTO. DD;36380;;0.0;8.74;2.77;Não;CURITIBA (RODOVIARIA) - PR X FLORIANOPOLIS (RODOVIARIA) - SC;Novo
SAO PAULO (TIETE) - SP;CURITIBA (RODOVIARIA) - PR;30/03/2026 09:43:47;30/03/2026 06:00:00;INTERNET;102.57;85.84;0.1949;Aprovado;Diminuiu;Aprovado;CONVENCIONAL;75837;;0.04;12.56;2.76;Não;SAO PAULO (TIETE) - SP X CURITIBA (RODOVIARIA) - PR;Novo
SAO PAULO (TIETE) - SP;CURITIBA (RODOVIARIA) - PR;30/03/2026 09:43:47;30/03/2026 06:00:00;INTERNET TERCEIRO;85.1;79.9;0.0651;Aprovado;Diminuiu;Aprovado;CONVENCIONAL;75837;;0.04;12.56;2.76;Não;SAO PAULO (TIETE) - SP X CURITIBA (RODOVIARIA) - PR;Novo
CURITIBA (RODOVIARIA) - PR;SAO PAULO (TIETE) - SP;30/03/2026 09:43:47;30/03/2026 06:00:00;INTERNET;0.0;112.1;1.0;Aprovado;Aumentou;Aprovado;EXEC. DD;78118;;0.0;8.38;2.49;Não;CURITIBA (RODOVIARIA) - PR X SAO PAULO (TIETE) - SP;Novo
RESENDE (RODOVIARIA) - RJ;SAO PAULO (TIETE) - SP;30/03/2026 09:43:47;30/03/2026 06:30:00;APLICATIVO WEMOBI;63.95;96.52;0.3374;Aprovado;Aumentou;Aprovado;CONVENCIONAL;75903;;0.08;0.0;5.19;Não;RESENDE (RODOVIARIA) - RJ X SAO PAULO (TIETE) - SP;Novo
RESENDE (RODOVIARIA) - RJ;SAO PAULO (TIETE) - SP;30/03/2026 09:43:47;30/03/2026 06:30:00;INTERNET TERCEIRO;82.45;100.84;0.1824;Aprovado;Aumentou;Aprovado;CONVENCIONAL;75903;;0.08;0.0;5.19;Não;RESENDE (RODOVIARIA) - RJ X SAO PAULO (TIETE) - SP;Novo
SAO PAULO (TIETE) - SP;VOLTA REDONDA (RODOVIARIA) - RJ;30/03/2026 09:43:47;30/03/2026 06:45:00;INTERNET TERCEIRO;99.52;99.52;0.0;Aprovado;Igual;Aprovado;EXECUTIVO;71690;;0.0;12.56;5.19;Não;SAO PAULO (TIETE) - SP X VOLTA REDONDA (RODOVIARIA) - RJ;Novo
SAO PAULO (TIETE) - SP;VOLTA REDONDA (RODOVIARIA) - RJ;30/03/2026 09:43:47;30/03/2026 06:45:00;UTP WEMOBI;86.72;86.72;0.0;Aprovado;Igual;Aprovado;EXECUTIVO;71690;;0.0;12.56;5.19;Não;SAO PAULO (TIETE) - SP X VOLTA REDONDA (RODOVIARIA) - RJ;Novo
SAO PAULO (TIETE) - SP;VOLTA REDONDA (RODOVIARIA) - RJ;30/03/2026 09:43:47;30/03/2026 06:45:00;APLICATIVO WEMOBI;91.38;86.38;0.0579;Aprovado;Diminuiu;Aprovado;EXECUTIVO;71690;;0.0;12.56;5.19;Não;SAO PAULO (TIETE) - SP X VOLTA REDONDA (RODOVIARIA) - RJ;Novo
FLORIANOPOLIS (RODOVIARIA) - SC;SAO PAULO (TIETE) - SP;30/03/2026 09:43:47;30/03/2026 06:50:00;INTERNET;204.34;188.96;0.0814;Aprovado;Diminuiu;Aprovado;SEMILTO. DD;36318;;;9.48;5.9;Não;FLORIANOPOLIS (RODOVIARIA) - SC X SAO PAULO (TIETE) - SP;Novo
FLORIANOPOLIS (RODOVIARIA) - SC;SAO PAULO (TIETE) - SP;30/03/2026 09:43:47;30/03/2026 06:50:00;INTERNET;204.34;;0.0;Aprovado;;Aprovado;SEMILTO. DD;36318;;;9.48;5.9;Não;FLORIANOPOLIS (RODOVIARIA) - SC X SAO PAULO (TIETE) - SP;Novo
BELO HORIZONTE (RODOVIARIA) - MG;SAO PAULO (TIETE) - SP;30/03/2026 09:43:47;30/03/2026 07:45:00;UTP WEMOBI;161.0;150.27;0.0714;Aprovado;Diminuiu;Aprovado;SEMILEITO PREMIUM;77956;;;7.55;3.18;Não;BELO HORIZONTE (RODOVIARIA) - MG X SAO PAULO (TIETE) - SP;Novo
BELO HORIZONTE (RODOVIARIA) - MG;SAO PAULO (TIETE) - SP;30/03/2026 09:43:47;30/03/2026 07:45:00;CLUBE GIRO;118.45;107.72;0.0996;Aprovado;Diminuiu;Aprovado;SEMILEITO PREMIUM;77956;;;7.55;3.18;Não;BELO HORIZONTE (RODOVIARIA) - MG X SAO PAULO (TIETE) - SP;Novo
BELO HORIZONTE (RODOVIARIA) - MG;SAO PAULO (TIETE) - SP;30/03/2026 09:43:47;30/03/2026 07:45:00;APLICATIVO WEMOBI;141.62;130.89;0.082;Aprovado;Diminuiu;Aprovado;SEMILEITO PREMIUM;77956;;;7.55;3.18;Não;BELO HORIZONTE (RODOVIARIA) - MG X SAO PAULO (TIETE) - SP;Novo
BELO HORIZONTE (RODOVIARIA) - MG;SAO PAULO (TIETE) - SP;30/03/2026 09:43:47;30/03/2026 07:45:00;CLUBE GIRO;155.94;145.21;0.0739;Aprovado;Diminuiu;Aprovado;SEMILEITO PREMIUM;77956;;;7.55;3.18;Não;BELO HORIZONTE (RODOVIARIA) - MG X SAO PAULO (TIETE) - SP;Novo
BELO HORIZONTE (RODOVIARIA) - MG;SAO PAULO (TIETE) - SP;30/03/2026 09:43:47;30/03/2026 07:45:00;CLUBE GIRO;155.94;;0.0;Aprovado;;Aprovado;SEMILEITO PREMIUM;77956;;;7.55;3.18;Não;BELO HORIZONTE (RODOVIARIA) - MG X SAO PAULO (TIETE) - SP;Novo
BELO HORIZONTE (RODOVIARIA) - MG;SAO PAULO (TIETE) - SP;30/03/2026 09:43:47;30/03/2026 07:45:00;INTERNET;143.71;132.98;0.0807;Aprovado;Diminuiu;Aprovado;SEMILEITO PREMIUM;77956;;;7.55;3.18;Não;BELO HORIZONTE (RODOVIARIA) - MG X SAO PAULO (TIETE) - SP;Novo
BELO HORIZONTE (RODOVIARIA) - MG;SAO PAULO (TIETE) - SP;30/03/2026 09:43:47;30/03/2026 07:45:00;INTERNET;174.13;174.13;0.0;Aprovado;Igual;Aprovado;SEMILEITO PREMIUM;77956;;0.0;7.55;2.99;Não;BELO HORIZONTE (RODOVIARIA) - MG X SAO PAULO (TIETE) - SP;Novo
BELO HORIZONTE (RODOVIARIA) - MG;SAO PAULO (TIETE) - SP;30/03/2026 09:43:47;30/03/2026 07:45:00;APLICATIVO WEMOBI;119.07;119.07;0.0;Aprovado;Igual;Aprovado;SEMILEITO PREMIUM;77956;;0.0;7.55;2.99;Não;BELO HORIZONTE (RODOVIARIA) - MG X SAO PAULO (TIETE) - SP;Novo
BELO HORIZONTE (RODOVIARIA) - MG;CUBATAO (RODOVIARIA) - SP;30/03/2026 09:43:47;30/03/2026 07:45:00;INTERNET;175.45;164.72;0.0651;Aprovado;Diminuiu;Aprovado;SEMILEITO PREMIUM;77956;;;7.55;3.18;Não;BELO HORIZONTE (RODOVIARIA) - MG X CUBATAO (RODOVIARIA) - SP;Novo
BELO HORIZONTE (RODOVIARIA) - MG;CUBATAO (RODOVIARIA) - SP;30/03/2026 09:43:47;30/03/2026 07:45:00;INTERNET;252.34;241.61;0.0444;Aprovado;Diminuiu;Aprovado;CAMA;77957;;;7.55;3.18;Não;BELO HORIZONTE (RODOVIARIA) - MG X CUBATAO (RODOVIARIA) - SP;Novo
SAO PAULO (TIETE) - SP;BELO HORIZONTE (RODOVIARIA) - MG;30/03/2026 09:43:47;30/03/2026 07:45:00;CLUBE GIRO;115.35;99.61;0.158;Aprovado;Diminuiu;Aprovado;SEMILEITO PREMIUM;78879;;;12.56;3.18;Não;SAO PAULO (TIETE) - SP X BELO HORIZONTE (RODOVIARIA) - MG;Novo
SAO PAULO (TIETE) - SP;BELO HORIZONTE (RODOVIARIA) - MG;30/03/2026 09:43:47;30/03/2026 07:45:00;UTP WEMOBI;120.26;104.52;0.1506;Aprovado;Diminuiu;Aprovado;SEMILEITO PREMIUM;78879;;;12.56;3.18;Não;SAO PAULO (TIETE) - SP X BELO HORIZONTE (RODOVIARIA) - MG;Novo
SAO PAULO (TIETE) - SP;BELO HORIZONTE (RODOVIARIA) - MG;30/03/2026 09:43:47;30/03/2026 07:45:00;APLICATIVO WEMOBI;60.36;101.47;0.4051;Aprovado;Aumentou;Aprovado;SEMILEITO PREMIUM;78879;;0.0;12.56;3.18;Não;SAO PAULO (TIETE) - SP X BELO HORIZONTE (RODOVIARIA) - MG;Novo
SAO PAULO (TIETE) - SP;BELO HORIZONTE (RODOVIARIA) - MG;30/03/2026 09:43:47;30/03/2026 07:45:00;CLUBE GIRO;138.22;138.22;0.0;Aprovado;Igual;Aprovado;SEMILEITO PREMIUM;78879;;0.0;12.56;3.18;Não;SAO PAULO (TIETE) - SP X BELO HORIZONTE (RODOVIARIA) - MG;Novo
SAO PAULO (TIETE) - SP;BELO HORIZONTE (RODOVIARIA) - MG;30/03/2026 09:43:47;30/03/2026 07:45:00;UTP WEMOBI;116.56;116.56;0.0;Aprovado;Igual;Aprovado;SEMILEITO PREMIUM;78879;;0.0;12.56;3.18;Não;SAO PAULO (TIETE) - SP X BELO HORIZONTE (RODOVIARIA) - MG;Novo
SAO PAULO (TIETE) - SP;BELO HORIZONTE (RODOVIARIA) - MG;30/03/2026 09:43:47;30/03/2026 07:45:00;UTP WEMOBI;128.33;112.59;0.1398;Aprovado;Diminuiu;Aprovado;SEMILEITO PREMIUM;78879;;;12.56;3.18;Não;SAO PAULO (TIETE) - SP X BELO HORIZONTE (RODOVIARIA) - MG;Novo
SAO PAULO (TIETE) - SP;BELO HORIZONTE (RODOVIARIA) - MG;30/03/2026 09:43:47;30/03/2026 07:45:00;INTERNET;37.9;93.94;0.5966;Aprovado;Aumentou;Aprovado;SEMILEITO PREMIUM;78879;;0.0;12.56;3.18;Não;SAO PAULO (TIETE) - SP X BELO HORIZONTE (RODOVIARIA) - MG;Novo
SAO PAULO (TIETE) - SP;BELO HORIZONTE (RODOVIARIA) - MG;30/03/2026 09:43:47;30/03/2026 07:45:00;APLICATIVO WEMOBI;100.05;100.05;0.0;Aprovado;Igual;Aprovado;SEMILEITO PREMIUM;78879;;0.0;12.56;2.99;Não;SAO PAULO (TIETE) - SP X BELO HORIZONTE (RODOVIARIA) - MG;Novo
SAO PAULO (TIETE) - SP;BELO HORIZONTE (RODOVIARIA) - MG;30/03/2026 09:43:47;30/03/2026 07:45:00;UTP WEMOBI;225.34;209.6;0.0751;Aprovado;Diminuiu;Aprovado;CAMA;78880;;;12.56;3.18;Não;SAO PAULO (TIETE) - SP X BELO HORIZONTE (RODOVIARIA) - MG;Novo
SAO PAULO (TIETE) - SP;CAXAMBU (RODOVIARIA) - MG;30/03/2026 09:43:47;30/03/2026 08:00:00;INTERNET TERCEIRO;148.4;153.4;0.0326;Aprovado;Aumentou;Aprovado;EXECUTIVO;70580;;0.02;12.56;3.64;Não;SAO PAULO (TIETE) - SP X CAXAMBU (RODOVIARIA) - MG;Novo
SAO PAULO (TIETE) - SP;CAXAMBU (RODOVIARIA) - MG;30/03/2026 09:43:47;30/03/2026 08:00:00;UTP WEMOBI;149.47;144.47;0.0346;Aprovado;Diminuiu;Aprovado;EXECUTIVO;70580;;0.02;12.56;3.64;Não;SAO PAULO (TIETE) - SP X CAXAMBU (RODOVIARIA) - MG;Novo
SAO PAULO (TIETE) - SP;SAO LOURENCO (RODOVIARIA) - MG;30/03/2026 09:43:47;30/03/2026 08:00:00;UTP WEMOBI;143.61;143.61;0.0;Aprovado;Igual;Aprovado;EXECUTIVO;70580;;0.02;12.56;3.64;Não;SAO PAULO (TIETE) - SP X SAO LOURENCO (RODOVIARIA) - MG;Novo
SAO PAULO (TIETE) - SP;JUIZ DE FORA (RODOVIARIA) - MG;30/03/2026 09:43:47;30/03/2026 08:00:00;APLICATIVO WEMOBI;132.55;165.25;0.1979;Aprovado;Aumentou;Aprovado;SEMILEITO PREMIUM;76303;;0.06;12.56;10.02;Não;SAO PAULO (TIETE) - SP X JUIZ DE FORA (RODOVIARIA) - MG;Novo
SAO PAULO (TIETE) - SP;JUIZ DE FORA (RODOVIARIA) - MG;30/03/2026 09:43:47;30/03/2026 08:00:00;CLUBE GIRO;137.98;167.07;0.1741;Aprovado;Aumentou;Aprovado;SEMILEITO PREMIUM;76303;;0.06;12.56;10.02;Não;SAO PAULO (TIETE) - SP X JUIZ DE FORA (RODOVIARIA) - MG;Novo
SAO PAULO (TIETE) - SP;JUIZ DE FORA (RODOVIARIA) - MG;30/03/2026 09:43:47;30/03/2026 08:00:00;UTP WEMOBI;129.01;164.07;0.2137;Aprovado;Aumentou;Aprovado;SEMILEITO PREMIUM;76303;;0.06;12.56;10.02;Não;SAO PAULO (TIETE) - SP X JUIZ DE FORA (RODOVIARIA) - MG;Novo
CUBATAO (RODOVIARIA) - SP;BELO HORIZONTE (RODOVIARIA) - MG;30/03/2026 09:43:47;30/03/2026 08:00:00;INTERNET;231.86;222.83;0.0405;Aprovado;Diminuiu;Aprovado;CAMA;78074;;;5.85;3.18;Não;CUBATAO (RODOVIARIA) - SP X BELO HORIZONTE (RODOVIARIA) - MG;Novo
SAO LOURENCO (RODOVIARIA) - MG;SAO PAULO (TIETE) - SP;30/03/2026 09:43:47;30/03/2026 08:45:00;INTERNET TERCEIRO;134.11;134.11;0.0;Aprovado;Igual;Aprovado;CONVENCIONAL;71724;;0.0;9.51;3.64;Não;SAO LOURENCO (RODOVIARIA) - MG X SAO PAULO (TIETE) - SP;Novo
SAO LOURENCO (RODOVIARIA) - MG;SAO PAULO (TIETE) - SP;30/03/2026 09:43:47;30/03/2026 08:45:00;APLICATIVO WEMOBI;110.08;115.08;0.0434;Aprovado;Aumentou;Aprovado;CONVENCIONAL;71724;;0.0;9.51;3.64;Não;SAO LOURENCO (RODOVIARIA) - MG X SAO PAULO (TIETE) - SP;Novo
BELO HORIZONTE (RODOVIARIA) - MG;SAO PAULO (TIETE) - SP;30/03/2026 09:43:47;30/03/2026 09:00:00;INTERNET;90.84;80.11;0.1339;Aprovado;Diminuiu;Aprovado;SEMILEITO PREMIUM;70315;;;7.55;3.18;Não;BELO HORIZONTE (RODOVIARIA) - MG X SAO PAULO (TIETE) - SP;Novo
BELO HORIZONTE (RODOVIARIA) - MG;RIO DE JANEIRO (NOVO RIO) - RJ;30/03/2026 09:43:47;30/03/2026 09:00:00;INTERNET;102.62;82.72;0.2406;Aprovado;Diminuiu;Aprovado;SEMILEITO PREMIUM;75610;;;7.55;12.35;Não;BELO HORIZONTE (RODOVIARIA) - MG X RIO DE JANEIRO (NOVO RIO) - RJ;Novo
BELO HORIZONTE (RODOVIARIA) - MG;RIO DE JANEIRO (NOVO RIO) - RJ;30/03/2026 09:43:47;30/03/2026 09:00:00;INTERNET;251.05;230.82;0.0876;Aprovado;Diminuiu;Aprovado;CAMA;75611;;;7.55;12.68;Não;BELO HORIZONTE (RODOVIARIA) - MG X RIO DE JANEIRO (NOVO RIO) - RJ;Novo
BELO HORIZONTE (RODOVIARIA) - MG;RIO DE JANEIRO (NOVO RIO) - RJ;30/03/2026 09:43:47;30/03/2026 09:00:00;APLICATIVO WEMOBI;133.58;113.68;0.1751;Aprovado;Diminuiu;Aprovado;CAMA;75611;;;7.55;12.35;Não;BELO HORIZONTE (RODOVIARIA) - MG X RIO DE JANEIRO (NOVO RIO) - RJ;Novo
BELO HORIZONTE (RODOVIARIA) - MG;RIO DE JANEIRO (NOVO RIO) - RJ;30/03/2026 09:43:47;30/03/2026 09:00:00;CLUBE GIRO;186.4;166.5;0.1195;Aprovado;Diminuiu;Aprovado;CAMA;75611;;;7.55;12.35;Não;BELO HORIZONTE (RODOVIARIA) - MG X RIO DE JANEIRO (NOVO RIO) - RJ;Novo
SAO PAULO (TIETE) - SP;RIBEIRAO PRETO (RODOVIARIA) - SP;30/03/2026 09:43:47;30/03/2026 09:00:00;INTERNET TERCEIRO;154.62;154.62;0.0;Aprovado;Igual;Aprovado;EXEC. DD;76284;;0.0;11.25;21.82;Não;SAO PAULO (TIETE) - SP X RIBEIRAO PRETO (RODOVIARIA) - SP;Novo
RIO DE JANEIRO (NOVO RIO) - RJ;BELO HORIZONTE (RODOVIARIA) - MG;30/03/2026 09:43:47;30/03/2026 09:00:00;INTERNET;232.9;211.22;0.1026;Aprovado;Diminuiu;Aprovado;CAMA;78036;;;9.0;12.68;Não;RIO DE JANEIRO (NOVO RIO) - RJ X BELO HORIZONTE (RODOVIARIA) - MG;Novo
RIO DE JANEIRO (NOVO RIO) - RJ;BELO HORIZONTE (RODOVIARIA) - MG;30/03/2026 09:43:47;30/03/2026 09:00:00;APLICATIVO WEMOBI;138.1;116.75;0.1829;Aprovado;Diminuiu;Aprovado;CAMA;78036;;;9.0;12.35;Não;RIO DE JANEIRO (NOVO RIO) - RJ X BELO HORIZONTE (RODOVIARIA) - MG;Novo
RIO DE JANEIRO (NOVO RIO) - RJ;BELO HORIZONTE (RODOVIARIA) - MG;30/03/2026 09:43:47;30/03/2026 09:00:00;CLUBE GIRO;191.43;170.08;0.1255;Aprovado;Diminuiu;Aprovado;CAMA;78036;;;9.0;12.35;Não;RIO DE JANEIRO (NOVO RIO) - RJ X BELO HORIZONTE (RODOVIARIA) - MG;Novo
SAO PAULO (TIETE) - SP;CURITIBA (RODOVIARIA) - PR;30/03/2026 09:43:47;30/03/2026 09:00:00;INTERNET;0.0;103.74;1.0;Aprovado;Aumentou;Aprovado;EXEC. DD;78120;;0.0;12.56;2.49;Não;SAO PAULO (TIETE) - SP X CURITIBA (RODOVIARIA) - PR;Novo
SAO PAULO (TIETE) - SP;CURITIBA (RODOVIARIA) - PR;30/03/2026 09:43:47;30/03/2026 09:00:00;INTERNET;87.74;87.74;0.0;Aprovado;Igual;Aprovado;SEMILTO. DD;78121;;0.0;12.56;2.49;Não;SAO PAULO (TIETE) - SP X CURITIBA (RODOVIARIA) - PR;Novo
CAMPINAS (RODOVIARIA) - SP;BELO HORIZONTE (RODOVIARIA) - MG;30/03/2026 09:43:47;30/03/2026 09:15:00;APLICATIVO WEMOBI;155.33;155.33;0.0;Aprovado;Igual;Aprovado;SEMILEITO PREMIUM;73540;;0.06;10.9;5.94;Não;CAMPINAS (RODOVIARIA) - SP X BELO HORIZONTE (RODOVIARIA) - MG;Novo
CAMPINAS (RODOVIARIA) - SP;BELO HORIZONTE (RODOVIARIA) - MG;30/03/2026 09:43:47;30/03/2026 09:15:00;UTP WEMOBI;192.84;192.84;0.0;Aprovado;Igual;Aprovado;SEMILEITO PREMIUM;73540;;0.06;10.9;5.94;Não;CAMPINAS (RODOVIARIA) - SP X BELO HORIZONTE (RODOVIARIA) - MG;Novo
SAO PAULO (TIETE) - SP;FRANCA (RODOVIARIA) - SP;30/03/2026 09:43:47;30/03/2026 10:30:00;INTERNET TERCEIRO;142.17;137.99;0.0303;Aprovado;Diminuiu;Aprovado;EXEC. DD;72354;;0.0;11.25;26.75;Não;SAO PAULO (TIETE) - SP X FRANCA (RODOVIARIA) - SP;Novo
FRANCA (RODOVIARIA) - SP;SAO PAULO (TIETE) - SP;30/03/2026 09:43:47;30/03/2026 10:30:00;INTERNET TERCEIRO;143.53;142.04;0.0105;Aprovado;Diminuiu;Aprovado;EXEC. DD;72366;;0.0;6.2;26.75;Não;FRANCA (RODOVIARIA) - SP X SAO PAULO (TIETE) - SP;Novo
BELO HORIZONTE (RODOVIARIA) - MG;SAO PAULO (TIETE) - SP;30/03/2026 09:43:47;30/03/2026 11:00:00;INTERNET;121.56;110.83;0.0968;Aprovado;Diminuiu;Aprovado;SEMILEITO PREMIUM;71841;;;7.55;3.18;Não;BELO HORIZONTE (RODOVIARIA) - MG X SAO PAULO (TIETE) - SP;Novo
SAO PAULO (TIETE) - SP;BELO HORIZONTE (RODOVIARIA) - MG;30/03/2026 09:43:47;30/03/2026 11:00:00;INTERNET;135.95;120.21;0.1309;Aprovado;Diminuiu;Aprovado;SEMILEITO PREMIUM;78073;;;12.56;3.18;Não;SAO PAULO (TIETE) - SP X BELO HORIZONTE (RODOVIARIA) - MG;Novo
SAO PAULO (TIETE) - SP;BELO HORIZONTE (RODOVIARIA) - MG;30/03/2026 09:43:47;30/03/2026 11:00:00;UTP WEMOBI;231.21;215.47;0.073;Aprovado;Diminuiu;Aprovado;CAMA;78074;;;12.56;3.18;Não;SAO PAULO (TIETE) - SP X BELO HORIZONTE (RODOVIARIA) - MG;Novo
CAXAMBU (RODOVIARIA) - MG;SAO PAULO (TIETE) - SP;30/03/2026 09:43:47;30/03/2026 11:30:00;INTERNET;119.3;119.3;0.0;Aprovado;Igual;Aprovado;EXECUTIVO;70804;;0.0;6.9;3.64;Não;CAXAMBU (RODOVIARIA) - MG X SAO PAULO (TIETE) - SP;Novo
CAXAMBU (RODOVIARIA) - MG;SAO PAULO (TIETE) - SP;30/03/2026 09:43:47;30/03/2026 11:30:00;INTERNET TERCEIRO;144.06;144.06;0.0;Aprovado;Igual;Aprovado;EXECUTIVO;70804;;0.0;6.9;3.64;Não;CAXAMBU (RODOVIARIA) - MG X SAO PAULO (TIETE) - SP;Novo
SAO LOURENCO (RODOVIARIA) - MG;SAO PAULO (TIETE) - SP;30/03/2026 09:43:47;30/03/2026 12:15:00;INTERNET TERCEIRO;136.9;136.9;0.0;Aprovado;Igual;Aprovado;EXECUTIVO;70804;;0.0;9.51;3.64;Não;SAO LOURENCO (RODOVIARIA) - MG X SAO PAULO (TIETE) - SP;Novo
SAO LOURENCO (RODOVIARIA) - MG;SAO PAULO (TIETE) - SP;30/03/2026 09:43:47;30/03/2026 12:15:00;CLUBE GIRO;163.33;158.33;0.0316;Aprovado;Diminuiu;Aprovado;EXECUTIVO;70804;;0.0;9.51;3.64;Não;SAO LOURENCO (RODOVIARIA) - MG X SAO PAULO (TIETE) - SP;Novo
SAO PAULO (TIETE) - SP;CAXAMBU (RODOVIARIA) - MG;30/03/2026 09:43:47;30/03/2026 12:15:00;INTERNET TERCEIRO;143.85;143.85;0.0;Aprovado;Igual;Aprovado;EXECUTIVO;75450;;0.08;12.56;3.64;Não;SAO PAULO (TIETE) - SP X CAXAMBU (RODOVIARIA) - MG;Novo
SAO PAULO (TIETE) - SP;CURITIBA (RODOVIARIA) - PR;30/03/2026 09:43:47;30/03/2026 12:30:00;INTERNET;95.08;95.08;0.0;Aprovado;Igual;Aprovado;EXECUTIVO;75814;;0.0;12.56;2.76;Não;SAO PAULO (TIETE) - SP X CURITIBA (RODOVIARIA) - PR;Novo
RIO DE JANEIRO (NOVO RIO) - RJ;BELO HORIZONTE (RODOVIARIA) - MG;30/03/2026 09:43:47;30/03/2026 13:00:00;INTERNET;245.2;223.52;0.097;Aprovado;Diminuiu;Aprovado;CAMA;75628;;;9.0;12.68;Não;RIO DE JANEIRO (NOVO RIO) - RJ X BELO HORIZONTE (RODOVIARIA) - MG;Novo
RIO DE JANEIRO (NOVO RIO) - RJ;BELO HORIZONTE (RODOVIARIA) - MG;30/03/2026 09:43:47;30/03/2026 13:00:00;APLICATIVO WEMOBI;136.28;114.93;0.1858;Aprovado;Diminuiu;Aprovado;CAMA;75628;;;9.0;12.35;Não;RIO DE JANEIRO (NOVO RIO) - RJ X BELO HORIZONTE (RODOVIARIA) - MG;Novo
RIO DE JANEIRO (NOVO RIO) - RJ;BELO HORIZONTE (RODOVIARIA) - MG;30/03/2026 09:43:47;30/03/2026 13:00:00;CLUBE GIRO;195.85;174.5;0.1223;Aprovado;Diminuiu;Aprovado;CAMA;75628;;;9.0;12.35;Não;RIO DE JANEIRO (NOVO RIO) - RJ X BELO HORIZONTE (RODOVIARIA) - MG;Novo
BELO HORIZONTE (RODOVIARIA) - MG;RIO DE JANEIRO (NOVO RIO) - RJ;30/03/2026 09:43:47;30/03/2026 13:00:00;INTERNET;102.37;82.47;0.2413;Aprovado;Diminuiu;Aprovado;SEMILEITO PREMIUM;78031;;;7.55;12.35;Não;BELO HORIZONTE (RODOVIARIA) - MG X RIO DE JANEIRO (NOVO RIO) - RJ;Novo
BELO HORIZONTE (RODOVIARIA) - MG;RIO DE JANEIRO (NOVO RIO) - RJ;30/03/2026 09:43:47;30/03/2026 13:00:00;INTERNET;250.53;230.3;0.0878;Aprovado;Diminuiu;Aprovado;CAMA;78032;;;7.55;12.68;Não;BELO HORIZONTE (RODOVIARIA) - MG X RIO DE JANEIRO (NOVO RIO) - RJ;Novo
BELO HORIZONTE (RODOVIARIA) - MG;RIO DE JANEIRO (NOVO RIO) - RJ;30/03/2026 09:43:47;30/03/2026 13:00:00;APLICATIVO WEMOBI;131.96;112.06;0.1776;Aprovado;Diminuiu;Aprovado;CAMA;78032;;;7.55;12.35;Não;BELO HORIZONTE (RODOVIARIA) - MG X RIO DE JANEIRO (NOVO RIO) - RJ;Novo
BELO HORIZONTE (RODOVIARIA) - MG;RIO DE JANEIRO (NOVO RIO) - RJ;30/03/2026 09:43:47;30/03/2026 13:00:00;CLUBE GIRO;186.43;166.53;0.1195;Aprovado;Diminuiu;Aprovado;CAMA;78032;;;7.55;12.35;Não;BELO HORIZONTE (RODOVIARIA) - MG X RIO DE JANEIRO (NOVO RIO) - RJ;Novo
BELO HORIZONTE (RODOVIARIA) - MG;SAO PAULO (TIETE) - SP;30/03/2026 09:43:47;30/03/2026 13:00:00;INTERNET;86.02;75.29;0.1425;Aprovado;Diminuiu;Aprovado;CONV. DD;78065;;;7.55;3.18;Não;BELO HORIZONTE (RODOVIARIA) - MG X SAO PAULO (TIETE) - SP;Novo
SAO PAULO (TIETE) - SP;BELO HORIZONTE (RODOVIARIA) - MG;30/03/2026 09:43:47;30/03/2026 13:00:00;INTERNET;98.0;82.26;0.1913;Aprovado;Diminuiu;Aprovado;CONV. DD;78067;;;12.56;3.18;Não;SAO PAULO (TIETE) - SP X BELO HORIZONTE (RODOVIARIA) - MG;Novo
SAO PAULO (TIETE) - SP;BELO HORIZONTE (RODOVIARIA) - MG;30/03/2026 09:43:47;30/03/2026 13:00:00;UTP WEMOBI;221.25;205.51;0.0766;Aprovado;Diminuiu;Aprovado;CAMA;78068;;;12.56;3.18;Não;SAO PAULO (TIETE) - SP X BELO HORIZONTE (RODOVIARIA) - MG;Novo
SAO JOSE DO RIO PRETO (RODOVIARIA) - SP;SAO PAULO (BARRA FUNDA) - SP;30/03/2026 09:43:47;30/03/2026 14:00:00;INTERNET TERCEIRO;162.49;162.49;0.0;Aprovado;Igual;Aprovado;EXEC GTV;70586;;0.0;6.56;28.67;Não;SAO JOSE DO RIO PRETO (RODOVIARIA) - SP X SAO PAULO (BARRA FUNDA) - SP;Novo
SAO PAULO (TIETE) - SP;CURITIBA (RODOVIARIA) - PR;30/03/2026 09:43:47;30/03/2026 14:00:00;INTERNET;95.3;95.3;0.0;Aprovado;Igual;Aprovado;SEMILEITO PREMIUM;76336;;0.0;12.56;3.13;Não;SAO PAULO (TIETE) - SP X CURITIBA (RODOVIARIA) - PR;Novo
RESENDE (RODOVIARIA) - RJ;SAO PAULO (TIETE) - SP;30/03/2026 09:43:47;30/03/2026 16:00:00;INTERNET TERCEIRO;83.26;104.36;0.2022;Aprovado;Aumentou;Aprovado;EXECUTIVO;76781;;0.0;0.0;5.19;Não;RESENDE (RODOVIARIA) - RJ X SAO PAULO (TIETE) - SP;Novo
RESENDE (RODOVIARIA) - RJ;SAO PAULO (TIETE) - SP;30/03/2026 09:43:47;30/03/2026 16:00:00;CLUBE GIRO;64.24;98.8;0.3498;Aprovado;Aumentou;Aprovado;EXECUTIVO;76781;;0.0;0.0;5.19;Não;RESENDE (RODOVIARIA) - RJ X SAO PAULO (TIETE) - SP;Novo
RESENDE (RODOVIARIA) - RJ;SAO PAULO (TIETE) - SP;30/03/2026 09:43:47;30/03/2026 16:00:00;INTERNET;56.07;99.98;0.4392;Aprovado;Aumentou;Aprovado;EXECUTIVO;76781;;0.0;0.0;5.19;Não;RESENDE (RODOVIARIA) - RJ X SAO PAULO (TIETE) - SP;Novo
RESENDE (RODOVIARIA) - RJ;SAO PAULO (TIETE) - SP;30/03/2026 09:43:47;30/03/2026 16:00:00;APLICATIVO WEMOBI;53.0;98.92;0.4642;Aprovado;Aumentou;Aprovado;EXECUTIVO;76781;;0.0;0.0;5.19;Não;RESENDE (RODOVIARIA) - RJ X SAO PAULO (TIETE) - SP;Novo
SAO PAULO (TIETE) - SP;JUIZ DE FORA (RODOVIARIA) - MG;30/03/2026 09:43:47;30/03/2026 16:10:00;UTP WEMOBI;129.14;163.83;0.2117;Aprovado;Aumentou;Aprovado;SEMILEITO PREMIUM;77989;;0.0;12.56;10.02;Não;SAO PAULO (TIETE) - SP X JUIZ DE FORA (RODOVIARIA) - MG;Novo
SAO PAULO (TIETE) - SP;CURITIBA (RODOVIARIA) - PR;30/03/2026 09:43:47;30/03/2026 18:00:00;INTERNET;7.58;104.13;0.9272;Aprovado;Aumentou;Aprovado;EXEC. DD;78122;;0.0;12.56;2.49;Não;SAO PAULO (TIETE) - SP X CURITIBA (RODOVIARIA) - PR;Novo
SAO PAULO (BARRA FUNDA) - SP;SAO JOSE DO RIO PRETO (RODOVIARIA) - SP;30/03/2026 09:43:47;30/03/2026 18:30:00;INTERNET TERCEIRO;157.09;157.09;0.0;Aprovado;Igual;Aprovado;EXEC GTV;73718;;0.0;11.25;28.67;Não;SAO PAULO (BARRA FUNDA) - SP X SAO JOSE DO RIO PRETO (RODOVIARIA) - SP;Novo
FLORIANOPOLIS (RODOVIARIA) - SC;SAO PAULO (TIETE) - SP;30/03/2026 09:43:47;30/03/2026 18:45:00;INTERNET;200.65;185.27;0.083;Aprovado;Diminuiu;Aprovado;SEMILTO. DD;36152;;;9.48;5.9;Não;FLORIANOPOLIS (RODOVIARIA) - SC X SAO PAULO (TIETE) - SP;Novo
CURITIBA (RODOVIARIA) - PR;BELO HORIZONTE (RODOVIARIA) - MG;30/03/2026 09:43:47;30/03/2026 19:15:00;APLICATIVO WEMOBI;257.33;239.29;0.0754;Aprovado;Diminuiu;Aprovado;SEMILEITO PREMIUM;77201;;;8.74;9.3;Não;CURITIBA (RODOVIARIA) - PR X BELO HORIZONTE (RODOVIARIA) - MG;Novo
CURITIBA (RODOVIARIA) - PR;BETIM (RODOVIARIA) - MG;30/03/2026 09:43:47;30/03/2026 19:15:00;INTERNET;214.43;196.46;0.0915;Aprovado;Diminuiu;Aprovado;SEMILEITO PREMIUM;77201;;;8.74;9.23;Não;CURITIBA (RODOVIARIA) - PR X BETIM (RODOVIARIA) - MG;Novo
BELO HORIZONTE (RODOVIARIA) - MG;CURITIBA (RODOVIARIA) - PR;30/03/2026 09:43:47;30/03/2026 19:15:00;APLICATIVO WEMOBI;214.31;197.46;0.0853;Aprovado;Diminuiu;Aprovado;SEMILEITO PREMIUM;78043;;;7.55;9.3;Não;BELO HORIZONTE (RODOVIARIA) - MG X CURITIBA (RODOVIARIA) - PR;Novo
CURITIBA (RODOVIARIA) - PR;FLORIANOPOLIS (RODOVIARIA) - SC;30/03/2026 09:43:47;30/03/2026 19:30:00;INTERNET;79.82;68.67;0.1624;Aprovado;Diminuiu;Aprovado;SEMILTO. DD;36394;;;8.38;2.77;Não;CURITIBA (RODOVIARIA) - PR X FLORIANOPOLIS (RODOVIARIA) - SC;Novo
CUBATAO (RODOVIARIA) - SP;BELO HORIZONTE (RODOVIARIA) - MG;30/03/2026 09:43:47;30/03/2026 19:30:00;INTERNET;199.4;190.37;0.0474;Aprovado;Diminuiu;Aprovado;SEMILEITO PREMIUM;77952;;;5.85;3.18;Não;CUBATAO (RODOVIARIA) - SP X BELO HORIZONTE (RODOVIARIA) - MG;Novo
BELO HORIZONTE (RODOVIARIA) - MG;CUBATAO (RODOVIARIA) - SP;30/03/2026 09:43:47;30/03/2026 20:00:00;INTERNET;195.19;184.46;0.0582;Aprovado;Diminuiu;Aprovado;SEMILEITO PREMIUM;77950;;;7.55;3.18;Não;BELO HORIZONTE (RODOVIARIA) - MG X CUBATAO (RODOVIARIA) - SP;Novo
JUIZ DE FORA (RODOVIARIA) - MG;SAO PAULO (TIETE) - SP;30/03/2026 09:43:47;30/03/2026 20:30:00;UTP WEMOBI;120.48;144.19;0.1644;Aprovado;Aumentou;Aprovado;SEMILEITO PREMIUM;77980;;0.04;5.25;10.02;Não;JUIZ DE FORA (RODOVIARIA) - MG X SAO PAULO (TIETE) - SP;Novo
JUIZ DE FORA (RODOVIARIA) - MG;SAO PAULO (TIETE) - SP;30/03/2026 09:43:47;30/03/2026 20:30:00;CLUBE GIRO;116.59;147.88;0.2116;Aprovado;Aumentou;Aprovado;SEMILEITO PREMIUM;77980;;0.04;5.25;10.02;Não;JUIZ DE FORA (RODOVIARIA) - MG X SAO PAULO (TIETE) - SP;Novo
JUIZ DE FORA (RODOVIARIA) - MG;SAO PAULO (TIETE) - SP;30/03/2026 09:43:47;30/03/2026 20:30:00;APLICATIVO WEMOBI;124.04;145.38;0.1468;Aprovado;Aumentou;Aprovado;SEMILEITO PREMIUM;77980;;0.04;5.25;10.02;Não;JUIZ DE FORA (RODOVIARIA) - MG X SAO PAULO (TIETE) - SP;Novo
CAMPINAS (RODOVIARIA) - SP;BELO HORIZONTE (RODOVIARIA) - MG;30/03/2026 09:43:47;30/03/2026 21:00:00;APLICATIVO WEMOBI;182.0;165.16;0.102;Aprovado;Diminuiu;Aprovado;SEMILEITO PREMIUM;70652;;;10.9;5.94;Não;CAMPINAS (RODOVIARIA) - SP X BELO HORIZONTE (RODOVIARIA) - MG;Novo
BELO HORIZONTE (RODOVIARIA) - MG;CAMPINAS (RODOVIARIA) - SP;30/03/2026 09:43:47;30/03/2026 21:00:00;APLICATIVO WEMOBI;147.74;134.25;0.1005;Aprovado;Diminuiu;Aprovado;SEMILEITO PREMIUM;70656;;;7.55;5.94;Não;BELO HORIZONTE (RODOVIARIA) - MG X CAMPINAS (RODOVIARIA) - SP;Novo
SAO PAULO (TIETE) - SP;JUIZ DE FORA (RODOVIARIA) - MG;30/03/2026 09:43:47;30/03/2026 22:50:00;UTP WEMOBI;148.29;172.56;0.1406;Aprovado;Aumentou;Aprovado;SEMILEITO PREMIUM;76305;;0.08;12.56;10.02;Não;SAO PAULO (TIETE) - SP X JUIZ DE FORA (RODOVIARIA) - MG;Novo
SAO PAULO (TIETE) - SP;JUIZ DE FORA (RODOVIARIA) - MG;30/03/2026 09:43:47;30/03/2026 22:50:00;APLICATIVO WEMOBI;149.03;172.81;0.1376;Aprovado;Aumentou;Aprovado;SEMILEITO PREMIUM;76305;;0.08;12.56;10.02;Não;SAO PAULO (TIETE) - SP X JUIZ DE FORA (RODOVIARIA) - MG;Novo
SAO PAULO (TIETE) - SP;TRES RIOS (RODOVIARIA) - RJ;30/03/2026 09:43:47;30/03/2026 22:50:00;INTERNET TERCEIRO;179.36;179.36;0.0;Aprovado;Igual;Aprovado;SEMILEITO PREMIUM;76305;;0.08;12.56;7.47;Não;SAO PAULO (TIETE) - SP X TRES RIOS (RODOVIARIA) - RJ;Novo
CAXAMBU (RODOVIARIA) - MG;SAO PAULO (TIETE) - SP;30/03/2026 09:43:47;30/03/2026 23:00:00;INTERNET TERCEIRO;148.14;148.14;0.0;Aprovado;Igual;Aprovado;EXECUTIVO;70463;;0.0;6.9;3.64;Não;CAXAMBU (RODOVIARIA) - MG X SAO PAULO (TIETE) - SP;Novo
CAXAMBU (RODOVIARIA) - MG;SAO PAULO (TIETE) - SP;30/03/2026 09:43:47;30/03/2026 23:00:00;CLUBE GIRO;172.7;167.7;0.0298;Aprovado;Diminuiu;Aprovado;EXECUTIVO;70463;;0.0;6.9;3.64;Não;CAXAMBU (RODOVIARIA) - MG X SAO PAULO (TIETE) - SP;Novo
SAO PAULO (TIETE) - SP;FLORIANOPOLIS (RODOVIARIA) - SC;30/03/2026 09:43:47;30/03/2026 23:15:00;INTERNET;199.38;180.92;0.102;Aprovado;Diminuiu;Aprovado;SEMILTO. DD;30275;;;12.56;5.9;Não;SAO PAULO (TIETE) - SP X FLORIANOPOLIS (RODOVIARIA) - SC;Novo
SAO PAULO (TIETE) - SP;SAO LOURENCO (RODOVIARIA) - MG;30/03/2026 09:43:47;30/03/2026 23:30:00;INTERNET TERCEIRO;133.42;133.42;0.0;Aprovado;Igual;Aprovado;CONVENCIONAL;70803;;0.06;12.56;3.64;Não;SAO PAULO (TIETE) - SP X SAO LOURENCO (RODOVIARIA) - MG;Novo
SAO LOURENCO (RODOVIARIA) - MG;SAO PAULO (TIETE) - SP;30/03/2026 09:43:47;30/03/2026 23:45:00;INTERNET TERCEIRO;145.4;145.4;0.0;Aprovado;Igual;Aprovado;EXECUTIVO;70463;;0.0;9.51;3.64;Não;SAO LOURENCO (RODOVIARIA) - MG X SAO PAULO (TIETE) - SP;Novo
SAO LOURENCO (RODOVIARIA) - MG;SAO PAULO (TIETE) - SP;30/03/2026 09:43:47;30/03/2026 23:45:00;INTERNET TERCEIRO;140.32;140.32;0.0;Aprovado;Igual;Aprovado;EXECUTIVO;70463;;0.0;9.51;3.64;Não;SAO LOURENCO (RODOVIARIA) - MG X SAO PAULO (TIETE) - SP;Novo
SAO PAULO (TIETE) - SP;VOLTA REDONDA (RODOVIARIA) - RJ;30/03/2026 09:43:47;30/03/2026 23:59:00;INTERNET TERCEIRO;161.01;178.88;0.0999;Aprovado;Aumentou;Aprovado;CAMA;77048;;0.0;12.56;5.89;Não;SAO PAULO (TIETE) - SP X VOLTA REDONDA (RODOVIARIA) - RJ;Novo
